[{"D:\\Download\\Sublime-Text-3\\Data\\Packages\\User\\Default (Windows).sublime-keymap": "ASCII"}, {"D:\\skol4eva_WORK\\study\\sass\\common\\_common.scss": "ASCII"}, {"D:\\skol4eva_WORK\\study\\tab.html": "ASCII"}, {"D:\\skol4eva_WORK\\study\\sass\\style.scss": "ASCII"}, {"D:\\skol4eva_WORK\\study\\sass\\common\\_mixin.scss": "ASCII"}, {"D:\\skol4eva_WORK\\study\\style.css": "ASCII"}, {"C:\\Users\\skol4eva\\Documents\\\ubc1b\uc740 \ud30c\uc77c\\sns_new.txt": "EUC-KR"}, {"D:\\skol4eva_WORK\\study\\sns-new.html": "UTF-8"}, {"C:\\Users\\skol4eva\\Documents\\\ubc1b\uc740 \ud30c\uc77c\\sns-new.html": "UTF-8"}, {"C:\\Windows\\System32\\drivers\\etc\\hosts": "ASCII"}, {"C:\\Users\\iku08\\Desktop\\asdf\\config\\compass.rb": "ASCII"}, {"\\\\hq-fileserver\\wbc\\8002.\uac8c\uc784\uc6f9\ud504\ub85c\ubaa8\uc158\ud30c\ud2b8\\01.\ud504\ub85c\ubaa8\uc158\\01.MMORPG\\01.\ub9ac\ub2c8\uc9c0\\2015\\20151209_17\uc8fc\ub144 INDEX\\03.\ub514\uc790\uc778\\\ubaa8\ubc14\uc77c\\\ub9ac\ub2c8\uc9c01_17\uc8fc\ub144_\uc778\ub371\uc2a4_\ubaa8\ubc14\uc77c_UI\uac1c\ubc1c\\html\\index.html": "UTF-8"}, {"C:\\Users\\iku08\\Desktop\\asdf\\img.scss": "ASCII"}, {"C:\\Users\\iku08\\Desktop\\asdf\\img.css": "ASCII"}, {"C:\\Users\\iku08\\Desktop\\asdf\\jQuery.2.min.js": "ASCII"}, {"C:\\Users\\iku08\\Desktop\\asdf\\aaa.css": "ASCII"}, {"C:\\Users\\iku08\\Desktop\\asdf\\222222222.html": "ASCII"}, {"C:\\Users\\iku08\\Desktop\\asdf\\tree3.html": "EUC-KR"}, {"C:\\Users\\iku08\\Desktop\\asdf\\tree3.css": "EUC-KR"}, {"C:\\Users\\iku08\\Desktop\\asdf\\aaa.html": "ASCII"}, {"C:\\Users\\iku08\\Desktop\\asdf\\scroll.html": "ASCII"}, {"C:\\Users\\iku08\\Desktop\\spinbox\\spinbox-02.js": "ASCII"}, {"C:\\Users\\iku08\\Desktop\\asdf\\scroll.js": "UTF-8"}, {"C:\\Users\\iku08\\Desktop\\spinbox\\txt_remove.html": "UTF-8"}, {"C:\\Users\\iku08\\Desktop\\spinbox\\move_cursor.html": "UTF-8"}, {"E:\\999_download\\Sublime-Text-3\\Data\\Packages\\User\\Fetch.sublime-settings": "ASCII"}, {"C:\\Users\\iku08\\Desktop\\spinbox\\jQuery.min.js": "ASCII"}, {"C:\\Users\\iku08\\Desktop\\spinbox\\spinbox.js": "UTF-8"}, {"C:\\Users\\iku08\\Desktop\\spinbox\\spinbox.html": "UTF-8"}, {"C:\\Users\\iku08\\Desktop\\CBT\\index.html": "UTF-8"}, {"C:\\Users\\iku08\\Desktop\\CBT\\sass\\common\\part\\_var.scss": "ASCII"}, {"C:\\Users\\iku08\\Desktop\\CBT\\sass\\common\\part\\_reset.scss": "ASCII"}, {"C:\\Users\\iku08\\Desktop\\CBT\\sass\\common\\part\\_mixin.scss": "UTF-8"}, {"C:\\Users\\iku08\\Desktop\\CBT\\sass\\common\\part\\_function.scss": "UTF-8"}, {"C:\\Users\\iku08\\Desktop\\CBT\\sass\\common\\part\\_classes.scss": "UTF-8"}, {"C:\\Users\\iku08\\Desktop\\CBT\\sass\\common\\_common.scss": "ASCII"}, {"C:\\Users\\iku08\\Desktop\\CBT\\sass\\cbt.scss": "ASCII"}, {"\\\\hq-fileserver\\wbc\\8002.\uac8c\uc784\uc6f9\ud504\ub85c\ubaa8\uc158\ud30c\ud2b8\\01.\ud504\ub85c\ubaa8\uc158\\02.Casual\\01.\ub7ec\ube0c\ube44\ud2b8\\2015\\20151028_\ub7ec\ube57 007th Anniversary_\ud0ed2\\03.\ub514\uc790\uc778\\UI\uac1c\ubc1c\\jsp\\_index.jsp": "UTF-8"}, {"\\\\hq-fileserver\\wbc\\8002.\uac8c\uc784\uc6f9\ud504\ub85c\ubaa8\uc158\ud30c\ud2b8\\01.\ud504\ub85c\ubaa8\uc158\\02.Casual\\01.\ub7ec\ube0c\ube44\ud2b8\\2015\\20151028_\ub7ec\ube57 007th Anniversary_\ud0ed2\\03.\ub514\uc790\uc778\\UI\uac1c\ubc1c\\jsp\\_promotion2.jsp": "ASCII"}, {"E:\\999_download\\Sublime-Text-3\\Data\\Packages\\User\\LiveReload.sublime-settings": "ASCII"}, {"C:\\Users\\iku08\\Desktop\\asdf\\scroll.css": "ASCII"}, {"C:\\Users\\iku08\\Desktop\\asdf\\out.txt": "EUC-KR"}, {"E:\\999_download\\Sublime-Text-3\\Data\\Packages\\User\\Preferences.sublime-settings": "ASCII"}, {"E:\\999_download\\Sublime-Text-3\\Data\\Packages\\User\\SideBarEnhancements\\Open With\\Side Bar.sublime-menu": "ASCII"}, {"C:\\Users\\iku08\\Desktop\\999_etc\\150729_itemback\\index.jsp": "UTF-8"}, {"E:\\999_download\\Sublime-Text-3\\Data\\Packages\\User\\Default (Windows).sublime-keymap": "ASCII"}, {"C:\\Users\\iku08\\Desktop\\999_etc\\$.fn.css04\\$.fn.css04.html": "UTF-8"}, {"E:\\999_download\\Sublime-Text-3\\Data\\Packages\\User\\Terminal.sublime-settings": "ASCII"}, {"E:\\999_download\\Sublime-Text-3\\Data\\Packages\\Terminal\\Terminal.sublime-settings": "ASCII"}, {"E:\\999_download\\Sublime-Text-3\\Data\\Packages\\User\\snippet\\cons.sublime-snippet": "ASCII"}, {"E:\\999_download\\happy.html": "EUC-KR"}, {"E:\\999_download\\Sublime-Text-3\\Data\\Packages\\ST3-LiveReload-master\\ST3-LiveReload-master\\server\\Settings.py": "ASCII"}, {"E:\\999_download\\Sublime Text Build 3083 x64\\Data\\Packages\\User\\SideBarEnhancements\\Open With\\Side Bar.sublime-menu": "ASCII"}]