{
  "install": "messages/install.txt",
  "1.0.1": "messages/1.0.1.txt",
  "1.0.2": "messages/1.0.2.txt",
  "1.0.3": "messages/1.0.3.txt",
  "1.0.4": "messages/1.0.4.txt",
  "1.1.0": "messages/1.1.0.txt",
  "1.1.1": "messages/1.1.1.txt",
  "1.2.0": "messages/1.2.0.txt",
  "1.2.1": "messages/1.2.1.txt",
  "1.2.2": "messages/1.2.2.txt",
  "1.2.3": "messages/1.2.3.txt",
  "1.2.4": "messages/1.2.4.txt",
  "1.2.5": "messages/1.2.5.txt",
  "1.2.6": "messages/1.2.6.txt",
  "1.2.7": "messages/1.2.7.txt",
  "1.2.8": "messages/1.2.8.txt",
  "1.3.0": "messages/1.3.0.txt",
  "1.3.1": "messages/1.3.1.txt",
  "1.3.2": "messages/1.3.2.txt",
  "1.3.3": "messages/1.3.3.txt",
  "1.3.4": "messages/1.3.4.txt",
  "2.0.0": "messages/1.3.4.txt"
}
